<?xml version="1.0" encoding="UTF-8"?>
<configuration>
    <!--本地，dev环境 使用spring boot 自带的console格式输出-->
    <springProfile name="dev,qa,prod">
        <appender name="STDOUT" class="ch.qos.logback.core.ConsoleAppender">
            <encoder>
                <pattern>%d{HH:mm:ss.SSS} - [%thread] %-5level %X{correlationId} [%logger{96}|%M:%line] %msg%n</pattern>
                <charset>UTF-8</charset> <!-- 此处设置字符集 -->
            </encoder>
        </appender>
        <logger name="com.microsoft.azure.documentdb.DocumentClient" level="DEBUG">
            <appender-ref ref="STDOUT"/>
        </logger>
        <logger name="com.microsoft.azure.servicebus" level="ERROR">
            <appender-ref ref="STDOUT"/>
        </logger>
        <root level="INFO">
            <appender-ref ref="STDOUT"/>
        </root>
    </springProfile>
</configuration>
