<?xml version="1.0" encoding="UTF-8"?>
<configuration>
    <springProperty scope="context" name="LOG_HOME" source="log.path"/>
    <!--本地，dev环境 使用spring boot 自带的console格式输出-->
    <springProfile name="dev">
        <appender name="STDOUT" class="ch.qos.logback.core.ConsoleAppender">
            <encoder>
                <pattern>%d{HH:mm:ss.SSS} - [%thread] %-5level %X{correlationId} [%logger{96}|%M:%line] %msg%n</pattern>
                <charset>UTF-8</charset> <!-- 此处设置字符集 -->
            </encoder>
        </appender>
        <logger name="com.microsoft.azure.documentdb.DocumentClient" level="DEBUG">
            <appender-ref ref="STDOUT"/>
        </logger>
        <logger name="com.microsoft.azure.servicebus" level="ERROR">
            <appender-ref ref="STDOUT"/>
        </logger>
        <root level="INFO">
            <appender-ref ref="STDOUT"/>
        </root>
    </springProfile>
    <springProfile name="qa,prod">
        <appender name="FILE-INFO" class="ch.qos.logback.core.rolling.RollingFileAppender">
            <file>${LOG_HOME}/INFO.log</file>
            <rollingPolicy class="ch.qos.logback.core.rolling.SizeAndTimeBasedRollingPolicy">
                <fileNamePattern>${LOG_HOME}/INFO-%d{yyyy-MM-dd}-%i.log.gz</fileNamePattern>
                <maxFileSize>512MB</maxFileSize>
                <maxHistory>60</maxHistory>
            </rollingPolicy>
            <encoder>
                <pattern>%d{HH:mm:ss.SSS} - [%thread] %-5level %X{correlationId} [%logger{96}|%M:%line] %msg%n</pattern>
                <charset>UTF-8</charset>
            </encoder>
        </appender>
        <appender name="ASYNC-INFO" class="ch.qos.logback.classic.AsyncAppender">
            <!-- 不丢失日志.默认的,如果队列的80%已满,则会丢弃TRACT、DEBUG、INFO级别的日志 -->
            <discardingThreshold>0</discardingThreshold>
            <!-- 更改默认的队列的深度,该值会影响性能.默认值为256 -->
            <queueSize>256</queueSize>
            <!-- 添加附加的appender,最多只能添加一个 -->
            <appender-ref ref="FILE-INFO"/>
        </appender>
        <root level="INFO">
            <appender-ref ref="ASYNC-INFO"/>
        </root>
        <logger name="com.microsoft.azure.documentdb.DocumentClient" level="DEBUG">
            <appender-ref ref="ASYNC-INFO"/>
        </logger>
        <logger name="com.microsoft.azure.servicebus" level="ERROR">
            <appender-ref ref="ASYNC-INFO"/>
        </logger>
    </springProfile>
</configuration>
