{
  "indexingMode": "consistent",
  "automatic": true,
  "includedPaths": [
    {
      "path": "/*",
      "indexes": []
    }
  ],
  "excludedPaths": [
    {
      "path": "/\"_etag\"/?"
    },
    {
      "path": "/description/*"
    },
    {
      "path": "/pointItems/*"
    },
    {
      "path": "/adjustReason/*"
    },
    {
      "path": "/createBy/*"
    },
    {
      "path": "/originalTotalAmount/*"
    },
    {
      "path": "/realTotalAmount/*"
    },
    {
      "path": "/orderItems/*"
    },
    {
      "path": "/refundAmount/*"
    },
    {
      "path": "/currentLevel/*"
    },
    {
      "path": "/originalPoint/*"
    },
    {
      "path": "/groupPurchase/*"
    },
    {
      "path": "/giftItemList/*"
    },
    {
      "path": "/receiver/*"
    },
    {
      "path": "/phone/*"
    },
    {
      "path": "/province/*"
    },
    {
      "path": "/city/*"
    },
    {
      "path": "/district/*"
    },
    {
      "path": "/address/*"
    },
    {
      "path": "/logisticsId/*"
    },
    {
      "path": "/deliveryNumber/*"
    },
    {
      "path": "/dataStatus/*"
    },
    {
      "path": "/redeemCode/*"
    },
    {
      "path": "/postalCode/*"
    }
  ]
}